ticket_id,customer_name,issue_type,description,solution,status,priority,create_date,resolve_date,agent,satisfaction
TK001,张先生,产品咨询,咨询笔记本电脑的配置信息，想了解内存和硬盘容量是否可以升级。客户主要用于办公和轻度设计工作。,详细介绍了该型号的配置参数，内存支持扩展至32GB，硬盘可更换为1TB SSD。推荐了适合的升级方案，并提供了官方配件购买链接。,已解决,低,2024-11-15,2024-11-15,李明,5
TK002,王女士,订单查询,客户下单后3天未收到发货通知，询问订单处理进度和预计发货时间。订单号：ORD20241112001。,查询系统发现订单因库存不足延迟发货。已协调仓库优先处理，预计次日发货。向客户致歉并赠送优惠券作为补偿。客户表示理解。,已解决,中,2024-11-12,2024-11-13,刘芳,4
TK003,陈先生,技术支持,路由器设置问题，无法连接到互联网。客户已尝试重启设备但问题依旧。使用的是双频路由器。,远程指导客户检查网线连接，重新配置路由器参数。发现是DNS设置错误导致。修改为自动获取DNS后问题解决。整个过程约15分钟。,已解决,高,2024-11-18,2024-11-18,张强,5
TK004,赵女士,退换货,收到的蓝牙耳机左耳无声，申请退换货。商品在7天无理由退换期内，包装完好。,确认商品质量问题后，立即安排退换货流程。客户选择换货，已发出新商品并提供快递单号。旧商品由快递员上门取件。,已解决,中,2024-11-20,2024-11-21,李明,5
TK005,孙先生,账户问题,无法登录账户，提示密码错误。客户表示没有修改过密码，怀疑账户异常。,通过验证客户身份信息后，协助重置密码。检查账户日志未发现异常登录记录。建议客户开启双重验证增强安全性。,已解决,高,2024-11-16,2024-11-16,刘芳,4
TK006,周女士,物流问题,快递显示已签收但本人未收到货物，担心快递丢失。订单金额较大，客户比较着急。,联系物流公司核实，发现是快递员误放在小区门卫处。已通知客户前往领取，确认收货后问题解决。提醒快递公司加强配送规范。,已解决,高,2024-11-19,2024-11-19,张强,4
TK007,吴先生,产品咨询,询问智能手表的防水等级，是否支持游泳时佩戴。计划购买用于日常运动。,说明该款手表防水等级为5ATM，支持游泳和淋浴佩戴，但不建议潜水使用。介绍了运动模式和健康监测功能。客户满意并下单购买。,已解决,低,2024-11-14,2024-11-14,李明,5
TK008,郑女士,优惠活动,咨询双十一活动的优惠力度和使用规则。客户购物车有多件商品，想了解如何最优惠。,详细讲解了满减规则、优惠券叠加方式和会员折扣。帮助客户计算最优购买方案，节省约200元。客户对服务非常满意。,已解决,低,2024-11-10,2024-11-10,刘芳,5
TK009,冯先生,技术支持,打印机无法正常打印，显示脱机状态。客户已检查连接线和电源，问题未解决。,指导客户检查打印机驱动程序，发现驱动版本过旧。提供最新驱动下载链接，重新安装后恢复正常。建议定期更新驱动。,已解决,中,2024-11-17,2024-11-17,张强,5
TK010,何女士,退换货,收到的衣服尺码偏小，想换大一码。商品吊牌完好，未洗涤。,确认符合换货条件，安排换货流程。新商品已发出，旧商品由快递上门取件。提醒客户下次可参考尺码表选择。,处理中,中,2024-11-22,null,李明,null
TK011,许先生,订单查询,订单已发货5天但物流信息未更新，担心包裹丢失。订单号：ORD20241115002。,查询物流系统发现包裹在中转站滞留。联系物流公司加急处理，预计2天内送达。向客户致歉并说明情况。,处理中,中,2024-11-20,null,刘芳,null
TK012,梁女士,产品咨询,咨询空气净化器的适用面积和滤芯更换周期。家里约80平米，有小孩。,介绍该型号适用面积60-100平米，HEPA滤芯6-12个月更换一次。强调了儿童模式和静音功能。客户表示会考虑购买。,已解决,低,2024-11-21,2024-11-21,张强,4
TK013,高先生,账户问题,会员积分显示异常，上次购物的积分未到账。订单已确认收货一周。,核查订单记录，发现系统延迟导致积分未及时发放。手动补发积分并额外赠送50积分作为补偿。客户表示满意。,已解决,低,2024-11-18,2024-11-18,李明,5
TK014,曹女士,技术支持,手机APP闪退无法使用，已尝试重启手机但问题依旧。使用的是安卓系统。,询问手机型号和系统版本，发现是兼容性问题。指导客户卸载后重新安装最新版本APP，问题解决。记录问题反馈给技术部门。,已解决,中,2024-11-19,2024-11-19,刘芳,4
TK015,邓先生,物流问题,快递配送时间不方便，希望改为周末配送。客户工作日不在家。,联系物流公司备注周末配送需求。确认周六上午送达，并提前电话通知客户。客户对灵活配送表示感谢。,已解决,低,2024-11-16,2024-11-16,张强,5
TK016,谭女士,退换货,收到的化妆品包装破损，担心产品受影响。要求退货退款。,查看客户上传的照片，确认运输过程中包装受损。立即安排全额退款，无需退回商品。向客户致歉并赠送优惠券。,已解决,高,2024-11-20,2024-11-20,李明,5
TK017,石先生,产品咨询,询问显示器的接口类型和是否支持壁挂。准备搭配新电脑使用。,详细介绍了HDMI、DP、USB-C等接口配置。确认支持VESA壁挂标准。推荐了合适的壁挂支架。客户决定购买。,已解决,低,2024-11-15,2024-11-15,刘芳,5
TK018,龚女士,优惠活动,优惠券无法使用，系统提示不满足使用条件。客户购物车金额已达到要求。,检查发现优惠券有品类限制，客户购物车中部分商品不在适用范围。解释规则后，客户调整了购物车商品，成功使用优惠券。,已解决,低,2024-11-17,2024-11-17,张强,4
TK019,崔先生,技术支持,智能音箱无法连接WiFi，已尝试多次配置失败。使用的是5G频段WiFi。,询问路由器设置，发现音箱仅支持2.4G频段。指导客户切换到2.4G网络后成功连接。科普了双频WiFi的区别。,已解决,中,2024-11-21,2024-11-21,李明,5
TK020,潘女士,订单查询,想修改收货地址，订单刚提交不久。新地址在同城。,订单尚未发货，成功修改收货地址。提醒客户下次下单前仔细核对信息。客户表示感谢。,已解决,低,2024-11-22,2024-11-22,刘芳,5
TK021,韦先生,产品咨询,咨询机械键盘的轴体类型和键帽材质。主要用于办公打字。,介绍了青轴、红轴、茶轴的特点，推荐办公使用茶轴或红轴。键帽为PBT材质，耐磨不打油。客户选择了红轴版本。,已解决,低,2024-11-14,2024-11-14,张强,5
TK022,卢女士,账户问题,收藏夹中的商品突然消失，想找回之前收藏的商品。,检查账户记录，发现是客户误操作清空了收藏夹。根据浏览历史帮助找回部分商品。建议使用购物车保存想买的商品。,已解决,低,2024-11-18,2024-11-18,李明,4
TK023,汤先生,物流问题,包裹长时间未送达，已超过预计送达时间3天。客户比较着急。,联系物流公司紧急查询，发现包裹在派送途中车辆故障延误。已安排重新派送，次日送达。向客户致歉并补偿运费券。,已解决,高,2024-11-19,2024-11-20,刘芳,3
TK024,姚女士,技术支持,电动牙刷充电异常，充电指示灯不亮。购买时间3个月，在保修期内。,指导客户检查充电底座和电源适配器。发现是充电触点氧化导致接触不良。建议用酒精棉擦拭后恢复正常。,已解决,中,2024-11-20,2024-11-20,张强,5
TK025,方女士,退换货,网购的鞋子颜色与图片差异较大，想退货。商品未穿着，包装完好。,确认符合退货条件，安排退货退款流程。解释可能存在的色差问题，建议参考买家评价。退款已原路返回。,已解决,中,2024-11-21,2024-11-22,李明,4
